,sales,dcoilwtico,is_holiday,is_weekend,sales_lag_1,sales_lag_7,sales_lag_30
sales,1.0,-0.5163603516574767,0.20344283393391613,,0.6998861512325906,0.6617688427363728,0.5359740305743357
dcoilwtico,-0.5163603516574767,1.0,-0.03223407911697639,,-0.4412025783270235,-0.5269871336408027,-0.49726936515765685
is_holiday,0.20344283393391613,-0.03223407911697639,1.0,,0.10004562562986027,0.13187490758451423,0.025735202314531226
is_weekend,,,,,,,
sales_lag_1,0.6998861512325906,-0.4412025783270235,0.10004562562986027,,1.0,0.5695930873836846,0.5571720679079324
sales_lag_7,0.6617688427363728,-0.5269871336408027,0.13187490758451423,,0.5695930873836846,1.0,0.4714242185975376
sales_lag_30,0.5359740305743357,-0.49726936515765685,0.025735202314531226,,0.5571720679079324,0.4714242185975376,1.0
